-- phpMyAdmin SQL Dump
-- version 5.0.2
-- https://www.phpmyadmin.net/
--
-- Servidor: 127.0.0.1
-- Tiempo de generación: 29-07-2020 a las 17:56:22
-- Versión del servidor: 10.4.13-MariaDB
-- Versión de PHP: 7.2.31

SET SQL_MODE = "NO_AUTO_VALUE_ON_ZERO";
START TRANSACTION;
SET time_zone = "+00:00";


/*!40101 SET @OLD_CHARACTER_SET_CLIENT=@@CHARACTER_SET_CLIENT */;
/*!40101 SET @OLD_CHARACTER_SET_RESULTS=@@CHARACTER_SET_RESULTS */;
/*!40101 SET @OLD_COLLATION_CONNECTION=@@COLLATION_CONNECTION */;
/*!40101 SET NAMES utf8mb4 */;

--
-- Base de datos: `ecommerce`
--

-- --------------------------------------------------------

--
-- Estructura de tabla para la tabla `administradores`
--

CREATE TABLE `administradores` (
  `id` int(11) NOT NULL,
  `nombre` text COLLATE utf8_spanish_ci NOT NULL,
  `email` text COLLATE utf8_spanish_ci NOT NULL,
  `foto` text COLLATE utf8_spanish_ci NOT NULL,
  `password` text COLLATE utf8_spanish_ci NOT NULL,
  `perfil` text COLLATE utf8_spanish_ci NOT NULL,
  `estado` int(11) NOT NULL,
  `fecha` timestamp NOT NULL DEFAULT current_timestamp() ON UPDATE current_timestamp()
) ENGINE=InnoDB DEFAULT CHARSET=utf8 COLLATE=utf8_spanish_ci;

--
-- Volcado de datos para la tabla `administradores`
--

INSERT INTO `administradores` (`id`, `nombre`, `email`, `foto`, `password`, `perfil`, `estado`, `fecha`) VALUES
(1, 'Tienda Virtual', 'admin@tiendavirtual.com', 'vistas/img/perfiles/499.png', '$2a$07$asxx54ahjppf45sd87a5aunxs9bkpyGmGE/.vekdjFg83yRec789S', 'administrador', 1, '2018-03-27 18:48:36'),
(2, 'Editor de la Tienda', 'editor@tiendavirtual.com', 'vistas/img/perfiles/477.png', '$2a$07$asxx54ahjppf45sd87a5auBnK0T8g/TaNYrkZQmRmlyohJLox8X9S', 'editor', 1, '2018-03-27 18:56:42');

-- --------------------------------------------------------

--
-- Estructura de tabla para la tabla `banner`
--

CREATE TABLE `banner` (
  `id` int(11) NOT NULL,
  `ruta` text COLLATE utf8_spanish_ci NOT NULL,
  `tipo` text COLLATE utf8_spanish_ci NOT NULL,
  `img` text COLLATE utf8_spanish_ci NOT NULL,
  `estado` int(11) NOT NULL,
  `fecha` timestamp NOT NULL DEFAULT current_timestamp() ON UPDATE current_timestamp()
) ENGINE=InnoDB DEFAULT CHARSET=utf8 COLLATE=utf8_spanish_ci;

--
-- Volcado de datos para la tabla `banner`
--

INSERT INTO `banner` (`id`, `ruta`, `tipo`, `img`, `estado`, `fecha`) VALUES
(1, 'sin-categoria', 'sin-categoria', 'vistas/img/banner/banner.png', 1, '2020-07-22 17:18:53');

-- --------------------------------------------------------

--
-- Estructura de tabla para la tabla `cabeceras`
--

CREATE TABLE `cabeceras` (
  `id` int(11) NOT NULL,
  `ruta` text COLLATE utf8_spanish_ci NOT NULL,
  `titulo` text COLLATE utf8_spanish_ci NOT NULL,
  `descripcion` text COLLATE utf8_spanish_ci NOT NULL,
  `palabrasClaves` text COLLATE utf8_spanish_ci NOT NULL,
  `portada` text COLLATE utf8_spanish_ci NOT NULL,
  `fecha` timestamp NOT NULL DEFAULT current_timestamp() ON UPDATE current_timestamp()
) ENGINE=InnoDB DEFAULT CHARSET=utf8 COLLATE=utf8_spanish_ci;

--
-- Volcado de datos para la tabla `cabeceras`
--

INSERT INTO `cabeceras` (`id`, `ruta`, `titulo`, `descripcion`, `palabrasClaves`, `portada`, `fecha`) VALUES
(1, 'inicio', 'Tienda Virtual', 'Lorem ipsum dolor sit amet, consectetur adipisicing elit. Quisquam accusantium enim esse eos officiis sit officia', 'Lorem ipsum, dolor sit amet, consectetur, adipisicing, elit, Quisquam, accusantium, enim, esse', 'vistas/img/cabeceras/default.jpg', '2017-11-17 14:58:16'),
(2, 'desarrollo-web', 'Desarrollo Web', 'Lorem ipsum dolor sit amet, consectetur adipisicing elit. Quisquam accusantium enim esse eos officiis sit officia', 'Lorem ipsum, dolor sit amet, consectetur, adipisicing, elit, Quisquam, accusantium, enim, esse', 'vistas/img/cabeceras/web.jpg', '2017-11-17 14:59:28'),
(3, 'peliculas', 'peliculas', 'Lorem ipsum dolor sit amet, consectetur adipiscing elit. Mauris felis velit, volutpat nec molestie id, tempus eu enim. V', 'lorem,ipsum,sit', 'vistas/img/cabeceras/peliculas.jpg', '2018-03-15 22:22:27');

-- --------------------------------------------------------

--
-- Estructura de tabla para la tabla `categorias`
--

CREATE TABLE `categorias` (
  `id` int(11) NOT NULL,
  `categoria` text COLLATE utf8_spanish_ci NOT NULL,
  `ruta` text COLLATE utf8_spanish_ci NOT NULL,
  `estado` int(11) NOT NULL,
  `oferta` int(11) NOT NULL,
  `precioOferta` float NOT NULL,
  `descuentoOferta` int(11) NOT NULL,
  `imgOferta` text COLLATE utf8_spanish_ci NOT NULL,
  `finOferta` datetime NOT NULL,
  `fecha` timestamp NOT NULL DEFAULT current_timestamp() ON UPDATE current_timestamp()
) ENGINE=InnoDB DEFAULT CHARSET=utf8 COLLATE=utf8_spanish_ci;

--
-- Volcado de datos para la tabla `categorias`
--

INSERT INTO `categorias` (`id`, `categoria`, `ruta`, `estado`, `oferta`, `precioOferta`, `descuentoOferta`, `imgOferta`, `finOferta`, `fecha`) VALUES
(1, 'MENUS', 'menus', 1, 0, 0, 0, '', '0000-00-00 00:00:00', '0000-00-00 00:00:00'),
(2, 'EXTRAS', 'extras', 1, 0, 0, 0, '', '0000-00-00 00:00:00', '0000-00-00 00:00:00'),
(3, 'COMIDA RAPIDA', 'comida-rapida', 1, 0, 0, 0, '', '0000-00-00 00:00:00', '0000-00-00 00:00:00'),
(4, 'BEBIDAS', 'bebidas', 1, 0, 0, 0, '', '0000-00-00 00:00:00', '0000-00-00 00:00:00'),
(5, 'POSTRES', 'postres', 1, 0, 0, 0, '', '0000-00-00 00:00:00', '0000-00-00 00:00:00');

-- --------------------------------------------------------

--
-- Estructura de tabla para la tabla `comentarios`
--

CREATE TABLE `comentarios` (
  `id` int(11) NOT NULL,
  `id_usuario` int(11) NOT NULL,
  `id_producto` int(11) NOT NULL,
  `calificacion` float NOT NULL,
  `comentario` text COLLATE utf8_spanish_ci NOT NULL,
  `fecha` timestamp NOT NULL DEFAULT current_timestamp() ON UPDATE current_timestamp()
) ENGINE=InnoDB DEFAULT CHARSET=utf8 COLLATE=utf8_spanish_ci;

--
-- Volcado de datos para la tabla `comentarios`
--

INSERT INTO `comentarios` (`id`, `id_usuario`, `id_producto`, `calificacion`, `comentario`, `fecha`) VALUES
(1, 86, 496, 3.5, 'Lo mejor de PHP', '2018-02-13 16:39:25'),
(13, 13, 7, 0, '', '2020-07-29 04:51:32'),
(14, 13, 7, 0, '', '2020-07-29 04:57:18');

-- --------------------------------------------------------

--
-- Estructura de tabla para la tabla `comercio`
--

CREATE TABLE `comercio` (
  `id` int(11) NOT NULL,
  `impuesto` float NOT NULL,
  `envioNacional` float NOT NULL,
  `envioInternacional` float NOT NULL,
  `tasaMinimaNal` float NOT NULL,
  `tasaMinimaInt` float NOT NULL,
  `pais` text COLLATE utf8_spanish_ci NOT NULL,
  `modoPaypal` text COLLATE utf8_spanish_ci NOT NULL,
  `clienteIdPaypal` text COLLATE utf8_spanish_ci NOT NULL,
  `llaveSecretaPaypal` text COLLATE utf8_spanish_ci NOT NULL,
  `modoPayu` text COLLATE utf8_spanish_ci NOT NULL,
  `merchantIdPayu` int(11) NOT NULL,
  `accountIdPayu` int(11) NOT NULL,
  `apiKeyPayu` text COLLATE utf8_spanish_ci NOT NULL
) ENGINE=InnoDB DEFAULT CHARSET=utf8 COLLATE=utf8_spanish_ci;

--
-- Volcado de datos para la tabla `comercio`
--

INSERT INTO `comercio` (`id`, `impuesto`, `envioNacional`, `envioInternacional`, `tasaMinimaNal`, `tasaMinimaInt`, `pais`, `modoPaypal`, `clienteIdPaypal`, `llaveSecretaPaypal`, `modoPayu`, `merchantIdPayu`, `accountIdPayu`, `apiKeyPayu`) VALUES
(1, 19, 1, 2, 10, 15, 'MX', 'sandbox', 'AecffvSZfOgj6g1MkrVmz12ACMES2-InggmWCpU5CblR-z5WwkYBYjmLsh9yPRLuRape1ahjqpcJet4N', 'EAx1SVMHGV6MJKwl-pnOSzaJASlAINZdYRdS--wkgaPYLevcGw88V0PU_W_rg00xLkBknybCjsO_xzA0', 'sandbox', 508029, 512321, '4Vj8eK4rloUd272L48hsrarnUA');

-- --------------------------------------------------------

--
-- Estructura de tabla para la tabla `compras`
--

CREATE TABLE `compras` (
  `id` int(11) NOT NULL,
  `id_usuario` int(11) NOT NULL,
  `id_producto` int(11) NOT NULL,
  `envio` int(11) NOT NULL,
  `metodo` text COLLATE utf8_spanish_ci NOT NULL,
  `email` text COLLATE utf8_spanish_ci NOT NULL,
  `direccion` text COLLATE utf8_spanish_ci NOT NULL,
  `pais` text COLLATE utf8_spanish_ci NOT NULL,
  `cantidad` int(11) NOT NULL,
  `detalle` text COLLATE utf8_spanish_ci DEFAULT NULL,
  `pago` text COLLATE utf8_spanish_ci NOT NULL,
  `fecha` timestamp NOT NULL DEFAULT current_timestamp() ON UPDATE current_timestamp()
) ENGINE=InnoDB DEFAULT CHARSET=utf8 COLLATE=utf8_spanish_ci;

--
-- Volcado de datos para la tabla `compras`
--

INSERT INTO `compras` (`id`, `id_usuario`, `id_producto`, `envio`, `metodo`, `email`, `direccion`, `pais`, `cantidad`, `detalle`, `pago`, `fecha`) VALUES
(1, 2, 2, 2, 'payu', 'angel@gmail.com', 'barranca', 'pe', 0, NULL, '50', '2020-07-28 16:15:19'),
(2, 2, 4, 2, 'payu', 'angel@gmail.com', 'barranca', 'pe', 0, NULL, '40', '2020-07-22 20:54:43'),
(3, 14, 6, 2, 'paypal', 'naye@gmail.com', 'urb 17 de mayo mz a lt 1-2', 'pe', 0, NULL, '70', '2020-07-22 20:57:32'),
(15, 13, 5, 2, 'payu', 'erick@gmail.com', 'san judas 25', 'pe', 0, NULL, '20', '2020-07-22 20:56:05');

-- --------------------------------------------------------

--
-- Estructura de tabla para la tabla `deseos`
--

CREATE TABLE `deseos` (
  `id` int(11) NOT NULL,
  `id_usuario` int(11) NOT NULL,
  `id_producto` int(11) NOT NULL,
  `fecha` timestamp NOT NULL DEFAULT current_timestamp() ON UPDATE current_timestamp()
) ENGINE=InnoDB DEFAULT CHARSET=utf8 COLLATE=utf8_spanish_ci;

--
-- Volcado de datos para la tabla `deseos`
--

INSERT INTO `deseos` (`id`, `id_usuario`, `id_producto`, `fecha`) VALUES
(1, 9, 469, '2018-03-26 22:03:34'),
(2, 9, 469, '2018-03-26 22:03:35'),
(3, 9, 467, '2018-03-26 22:03:39'),
(4, 9, 3, '2018-03-26 22:03:43'),
(5, 9, 469, '2018-03-26 22:03:54'),
(6, 9, 470, '2018-03-26 22:03:57'),
(7, 9, 467, '2018-03-26 22:04:00'),
(8, 9, 4, '2018-03-26 22:04:37'),
(9, 13, 1, '2020-07-22 18:26:53');

-- --------------------------------------------------------

--
-- Estructura de tabla para la tabla `notificaciones`
--

CREATE TABLE `notificaciones` (
  `id` int(11) NOT NULL,
  `nuevosUsuarios` int(11) NOT NULL,
  `nuevasVentas` int(11) NOT NULL,
  `nuevasVisitas` int(11) NOT NULL
) ENGINE=InnoDB DEFAULT CHARSET=utf8 COLLATE=utf8_spanish_ci;

--
-- Volcado de datos para la tabla `notificaciones`
--

INSERT INTO `notificaciones` (`id`, `nuevosUsuarios`, `nuevasVentas`, `nuevasVisitas`) VALUES
(1, 2, 7, 0);

-- --------------------------------------------------------

--
-- Estructura de tabla para la tabla `plantilla`
--

CREATE TABLE `plantilla` (
  `id` int(11) NOT NULL,
  `barraSuperior` text COLLATE utf8_spanish_ci NOT NULL,
  `textoSuperior` text COLLATE utf8_spanish_ci NOT NULL,
  `colorFondo` text COLLATE utf8_spanish_ci NOT NULL,
  `colorTexto` text COLLATE utf8_spanish_ci NOT NULL,
  `logo` text COLLATE utf8_spanish_ci NOT NULL,
  `icono` text COLLATE utf8_spanish_ci NOT NULL,
  `redesSociales` text COLLATE utf8_spanish_ci NOT NULL,
  `apiFacebook` text COLLATE utf8_spanish_ci NOT NULL,
  `pixelFacebook` text COLLATE utf8_spanish_ci NOT NULL,
  `googleAnalytics` text COLLATE utf8_spanish_ci NOT NULL,
  `fecha` timestamp NOT NULL DEFAULT current_timestamp() ON UPDATE current_timestamp()
) ENGINE=InnoDB DEFAULT CHARSET=utf8 COLLATE=utf8_spanish_ci;

--
-- Volcado de datos para la tabla `plantilla`
--

INSERT INTO `plantilla` (`id`, `barraSuperior`, `textoSuperior`, `colorFondo`, `colorTexto`, `logo`, `icono`, `redesSociales`, `apiFacebook`, `pixelFacebook`, `googleAnalytics`, `fecha`) VALUES
(1, '#000000', '#ffffff', '#47bac1', '#ffffff', 'vistas/img/plantilla/logo1.jpg', 'vistas/img/plantilla/icono.png', '[{\"red\":\"fa-facebook\",\"estilo\":\"facebookBlanco\",\"url\":\"http://facebook.com/\",\"activo\":1},{\"red\":\"fa-instagram\",\"estilo\":\"instagramBlanco\",\"url\":\"http://instagram.com/\",\"activo\":1}]', '\r\n      		<script>   window.fbAsyncInit = function() {     FB.init({       appId      : \'131737410786111\',       cookie     : true,       xfbml      : true,       version    : \'v2.10\'     });            FB.AppEvents.logPageView();             };    (function(d, s, id){      var js, fjs = d.getElementsByTagName(s)[0];      if (d.getElementById(id)) {return;}      js = d.createElement(s); js.id = id;      js.src = \"https://connect.facebook.net/en_US/sdk.js\";      fjs.parentNode.insertBefore(js, fjs);    }(document, \'script\', \'facebook-jssdk\'));  </script>\r\n      		', '\r\n  			<!-- Facebook Pixel Code --> 	<script> 	  !function(f,b,e,v,n,t,s) 	  {if(f.fbq)return;n=f.fbq=function(){n.callMethod? 	  n.callMethod.apply(n,arguments):n.queue.push(arguments)}; 	  if(!f._fbq)f._fbq=n;n.push=n;n.loaded=!0;n.version=\'2.0\'; 	  n.queue=[];t=b.createElement(e);t.async=!0; 	  t.src=v;s=b.getElementsByTagName(e)[0]; 	  s.parentNode.insertBefore(t,s)}(window, document,\'script\', 	  \'https://connect.facebook.net/en_US/fbevents.js\'); 	  fbq(\'init\', \'131737410786111\'); 	  fbq(\'track\', \'PageView\'); 	</script> 	<noscript><img height=\"1\" width=\"1\" style=\"display:none\" 	  src=\"https://www.facebook.com/tr?id=149877372404434&ev=PageView&noscript=1\" 	/></noscript> <!-- End Facebook Pixel Code -->    \r\n  			', '  \r\n  				<!-- Global site tag (gtag.js) - Google Analytics --> 	<script async src=\"https://www.googletagmanager.com/gtag/js?id=UA-999999-1\"></script> 	<script> 	  window.dataLayer = window.dataLayer || []; 	  function gtag(){dataLayer.push(arguments);} 	  gtag(\'js\', new Date());  	  gtag(\'config\', \'UA-9999999-1\'); 	</script>      \r\n            \r\n            \r\n            \r\n      ', '2020-07-22 17:24:09');

-- --------------------------------------------------------

--
-- Estructura de tabla para la tabla `productos`
--

CREATE TABLE `productos` (
  `id` int(11) NOT NULL,
  `id_categoria` int(11) NOT NULL,
  `id_subcategoria` int(11) NOT NULL,
  `tipo` text COLLATE utf8_spanish_ci NOT NULL,
  `ruta` text COLLATE utf8_spanish_ci NOT NULL,
  `estado` int(11) NOT NULL,
  `titulo` text COLLATE utf8_spanish_ci NOT NULL,
  `titular` text COLLATE utf8_spanish_ci NOT NULL,
  `descripcion` text COLLATE utf8_spanish_ci NOT NULL,
  `multimedia` text COLLATE utf8_spanish_ci NOT NULL,
  `detalles` text COLLATE utf8_spanish_ci NOT NULL,
  `precio` float NOT NULL,
  `portada` text COLLATE utf8_spanish_ci NOT NULL,
  `vistas` int(11) NOT NULL,
  `ventas` int(11) NOT NULL,
  `vistasGratis` int(11) NOT NULL,
  `ventasGratis` int(11) NOT NULL,
  `ofertadoPorCategoria` int(11) NOT NULL,
  `ofertadoPorSubCategoria` int(11) NOT NULL,
  `oferta` int(11) NOT NULL,
  `precioOferta` float NOT NULL,
  `descuentoOferta` int(11) NOT NULL,
  `imgOferta` text COLLATE utf8_spanish_ci NOT NULL,
  `finOferta` datetime NOT NULL,
  `peso` float NOT NULL,
  `entrega` float NOT NULL,
  `fecha` timestamp NOT NULL DEFAULT current_timestamp() ON UPDATE current_timestamp()
) ENGINE=InnoDB DEFAULT CHARSET=utf8 COLLATE=utf8_spanish_ci;

--
-- Volcado de datos para la tabla `productos`
--

INSERT INTO `productos` (`id`, `id_categoria`, `id_subcategoria`, `tipo`, `ruta`, `estado`, `titulo`, `titular`, `descripcion`, `multimedia`, `detalles`, `precio`, `portada`, `vistas`, `ventas`, `vistasGratis`, `ventasGratis`, `ofertadoPorCategoria`, `ofertadoPorSubCategoria`, `oferta`, `precioOferta`, `descuentoOferta`, `imgOferta`, `finOferta`, `peso`, `entrega`, `fecha`) VALUES
(1, 1, 1, 'fisico', 'arroz-con-pollo-1', 1, 'Arroz con pollo', 'Lorem ipsum dolor sit amet, consectetur adipisicing elit. Cupiditate minus, consectetur beatae fugit odio iure repudiandae quia distinctio, id ducimus molestiae. Obcaecati, unde. Illo molestiae dolorum, saepe nisi enim iusto.', 'Lorem ipsum dolor sit amet, consectetur adipisicing elit. Cupiditate minus, consectetur beatae fugit odio iure repudiandae quia distinctio, id ducimus molestiae. Obcaecati, unde. Illo molestiae dolorum, saepe nisi enim iusto.', '[{\"foto\":\"vistas/img/multimedia/batidos-malteada/arrozpollo.png\"}]', '{\"Hora\": [\"12:00\",\"13:00\",\"14:00\",\"15:00\",\"16:00\",\"17:00\",\"18:00\"],\"Servicio\": [\"Reserva\",\"Recojo\"]}', 29, 'vistas/img/productos/menu/menu01.jpg', 0, 404, 0, 0, 0, 1, 1, 11, 40, 'vistas/img/ofertas/arrozpollo.png', '0000-00-00 00:00:00', 1, 2, '2020-07-29 04:43:50'),
(2, 1, 1, 'fisico', 'lomo-saltado-1', 1, 'Lomo saltado', 'Lorem ipsum dolor sit amet, consectetur adipisicing elit. Cupiditate minus, consectetur beatae fugit odio iure repudiandae quia distinctio, id ducimus molestiae. Obcaecati, unde. Illo molestiae dolorum, saepe nisi enim iusto.', 'Lorem ipsum dolor sit amet, consectetur adipisicing elit. Cupiditate minus, consectetur beatae fugit odio iure repudiandae quia distinctio, id ducimus molestiae. Obcaecati, unde. Illo molestiae dolorum, saepe nisi enim iusto.', '[{\"foto\":\"vistas/img/multimedia/batidos-malteada/menu02.jpg\"}]', '{\"Hora\": [\"12:00\",\"13:00\",\"14:00\",\"15:00\",\"16:00\",\"17:00\",\"18:00\"],\"Servicio\": [\"Reserva\",\"Recojo\"]}', 29, 'vistas/img/productos/menu/menu02.jpg', 0, 403, 0, 0, 0, 1, 1, 11, 40, 'vistas/img/ofertas/menu02.jpg', '0000-00-00 00:00:00', 1, 2, '2020-07-22 21:05:01'),
(3, 2, 1, 'fisico', 'ceviche-de-trucha-1', 1, 'Ceviche de trucha', 'Lorem ipsum dolor sit amet, consectetur adipisicing elit. Cupiditate minus, consectetur beatae fugit odio iure repudiandae quia distinctio, id ducimus molestiae. Obcaecati, unde. Illo molestiae dolorum, saepe nisi enim iusto.', 'Lorem ipsum dolor sit amet, consectetur adipisicing elit. Cupiditate minus, consectetur beatae fugit odio iure repudiandae quia distinctio, id ducimus molestiae. Obcaecati, unde. Illo molestiae dolorum, saepe nisi enim iusto.', '[{\"foto\":\"vistas/img/multimedia/batidos-malteada/extra01.jpg\"}]', '{\"Hora\": [\"12:00\",\"13:00\",\"14:00\",\"15:00\",\"16:00\",\"17:00\",\"18:00\"],\"Servicio\": [\"Reserva\",\"Recojo\"]}', 29, 'vistas/img/productos/extra/extra01.jpg', 0, 402, 0, 0, 0, 1, 1, 11, 40, 'vistas/img/ofertas/extra01.jpg', '0000-00-00 00:00:00', 1, 2, '2020-07-22 20:04:38'),
(4, 2, 3, 'fisico', 'chicharron-de-trucha-1', 1, 'Chicharron de trucha', 'Lorem ipsum dolor sit amet, consectetur adipisicing elit. Cupiditate minus, consectetur beatae fugit odio iure repudiandae quia distinctio, id ducimus molestiae. Obcaecati, unde. Illo molestiae dolorum, saepe nisi enim iusto.', 'Lorem ipsum dolor sit amet, consectetur adipisicing elit. Cupiditate minus, consectetur beatae fugit odio iure repudiandae quia distinctio, id ducimus molestiae. Obcaecati, unde. Illo molestiae dolorum, saepe nisi enim iusto.', '[{\"foto\":\"vistas/img/multimedia/batidos-malteada/extra02.jpg\"}]', '{\"Hora\": [\"12:00\",\"13:00\",\"14:00\",\"15:00\",\"16:00\",\"17:00\",\"18:00\"],\"Servicio\": [\"Reserva\",\"Recojo\"]}', 29, 'vistas/img/productos/extra/extra02.jpg', 0, 401, 0, 0, 0, 0, 0, 0, 0, 'vistas/img/ofertas/extra02.jpg', '0000-00-00 00:00:00', 1, 2, '2020-07-29 04:43:40'),
(5, 3, 6, 'fisico', 'pizza-peperoni-1', 1, 'Pizza-peperoni', 'Lorem ipsum dolor sit amet, consectetur adipisicing elit. Cupiditate minus, consectetur beatae fugit odio iure repudiandae quia distinctio, id ducimus molestiae. Obcaecati, unde. Illo molestiae dolorum, saepe nisi enim iusto.', 'Lorem ipsum dolor sit amet, consectetur adipisicing elit. Cupiditate minus, consectetur beatae fugit odio iure repudiandae quia distinctio, id ducimus molestiae. Obcaecati, unde. Illo molestiae dolorum, saepe nisi enim iusto.', '[{\"foto\":\"vistas/img/multimedia/batidos-malteada/pizza01.jpg\"}]', '{\"Hora\": [\"12:00\",\"13:00\",\"14:00\",\"15:00\",\"16:00\",\"17:00\",\"18:00\"],\"Servicio\": [\"Reserva\",\"Recojo\"]}', 45, 'vistas/img/productos/pizza/pizza01.jpg', 0, 400, 0, 0, 0, 1, 1, 22, 50, 'vistas/img/ofertas/pizza01.jpg', '0000-00-00 00:00:00', 1, 2, '2020-07-29 04:25:47'),
(6, 3, 7, 'fisico', 'pizza-americana-1', 1, 'Pizza-americana', 'Lorem ipsum dolor sit amet, consectetur adipisicing elit. Cupiditate minus, consectetur beatae fugit odio iure repudiandae quia distinctio, id ducimus molestiae. Obcaecati, unde. Illo molestiae dolorum, saepe nisi enim iusto.', 'Lorem ipsum dolor sit amet, consectetur adipisicing elit. Cupiditate minus, consectetur beatae fugit odio iure repudiandae quia distinctio, id ducimus molestiae. Obcaecati, unde. Illo molestiae dolorum, saepe nisi enim iusto.', '[{\"foto\":\"vistas/img/multimedia/batidos-malteada/pizza02.jpg\"}]', '{\"Hora\": [\"12:00\",\"13:00\",\"14:00\",\"15:00\",\"16:00\",\"17:00\",\"18:00\"],\"Servicio\": [\"Reserva\",\"Recojo\"]}', 55, 'vistas/img/productos/pizza/pizza02.jpg', 0, 399, 0, 0, 0, 0, 0, 0, 0, 'vistas/img/ofertas/pizza02.jpg', '0000-00-00 00:00:00', 1, 2, '2020-07-29 04:44:51'),
(7, 4, 6, 'fisico', 'malteada-de-chocolate-1', 1, 'Malteada de chocolate', 'Lorem ipsum dolor sit amet, consectetur adipisicing elit. Cupiditate minus, consectetur beatae fugit odio iure repudiandae quia distinctio, id ducimus molestiae. Obcaecati, unde. Illo molestiae dolorum, saepe nisi enim iusto.', 'Lorem ipsum dolor sit amet, consectetur adipisicing elit. Cupiditate minus, consectetur beatae fugit odio iure repudiandae quia distinctio, id ducimus molestiae. Obcaecati, unde. Illo molestiae dolorum, saepe nisi enim iusto.', '[{\"foto\":\"vistas/img/multimedia/batidos-malteada/bebida-01.jpg\"}]', '{\"Hora\": [\"12:00\",\"13:00\",\"14:00\",\"15:00\",\"16:00\",\"17:00\",\"18:00\"],\"Servicio\": [\"Reserva\",\"Recojo\"]}', 0, 'vistas/img/productos/bebidas/bebida01.jpg', 0, 398, 9, 7, 0, 1, 1, 22, 50, 'vistas/img/ofertas/bebida01.jpg', '0000-00-00 00:00:00', 1, 2, '2020-07-29 04:57:18'),
(8, 4, 7, 'fisico', 'jugo-de-fresa-1', 1, 'Jugo de fresa', 'Lorem ipsum dolor sit amet, consectetur adipisicing elit. Cupiditate minus, consectetur beatae fugit odio iure repudiandae quia distinctio, id ducimus molestiae. Obcaecati, unde. Illo molestiae dolorum, saepe nisi enim iusto.', 'Lorem ipsum dolor sit amet, consectetur adipisicing elit. Cupiditate minus, consectetur beatae fugit odio iure repudiandae quia distinctio, id ducimus molestiae. Obcaecati, unde. Illo molestiae dolorum, saepe nisi enim iusto.', '[{\"foto\":\"vistas/img/multimedia/batidos-malteada/bebida-02.jpg\"}]', '{\"Hora\": [\"12:00\",\"13:00\",\"14:00\",\"15:00\",\"16:00\",\"17:00\",\"18:00\"],\"Servicio\": [\"Reserva\",\"Recojo\"]}', 55, 'vistas/img/productos/bebidas/bebida02.jpg', 10, 397, 0, 0, 0, 0, 0, 0, 0, 'vistas/img/ofertas/bebida02.jpg', '0000-00-00 00:00:00', 1, 2, '2020-07-22 18:19:33'),
(9, 5, 7, 'fisico', 'ensalada-de-frutas-1', 1, 'Ensalada de frutas', 'Lorem ipsum dolor sit amet, consectetur adipisicing elit. Cupiditate minus, consectetur beatae fugit odio iure repudiandae quia distinctio, id ducimus molestiae. Obcaecati, unde. Illo molestiae dolorum, saepe nisi enim iusto.', 'Lorem ipsum dolor sit amet, consectetur adipisicing elit. Cupiditate minus, consectetur beatae fugit odio iure repudiandae quia distinctio, id ducimus molestiae. Obcaecati, unde. Illo molestiae dolorum, saepe nisi enim iusto.', '[{\"foto\":\"vistas/img/multimedia/batidos-malteada/postre01.jpeg\"}]', '{\"Hora\": [\"12:00\",\"13:00\",\"14:00\",\"15:00\",\"16:00\",\"17:00\",\"18:00\"],\"Servicio\": [\"Reserva\",\"Recojo\"]}', 55, 'vistas/img/productos/postres/postre01.jpeg', 12, 396, 0, 0, 0, 0, 0, 0, 0, 'vistas/img/ofertas/postre01.jpg', '0000-00-00 00:00:00', 1, 2, '2020-07-22 18:17:25'),
(10, 5, 7, 'fisico', 'crema-volteada-1', 1, 'Crema-volteada', 'Lorem ipsum dolor sit amet, consectetur adipisicing elit. Cupiditate minus, consectetur beatae fugit odio iure repudiandae quia distinctio, id ducimus molestiae. Obcaecati, unde. Illo molestiae dolorum, saepe nisi enim iusto.', 'Lorem ipsum dolor sit amet, consectetur adipisicing elit. Cupiditate minus, consectetur beatae fugit odio iure repudiandae quia distinctio, id ducimus molestiae. Obcaecati, unde. Illo molestiae dolorum, saepe nisi enim iusto.', '[{\"foto\":\"vistas/img/multimedia/batidos-malteada/postre02.jpg\"}]', '{\"Hora\": [\"12:00\",\"13:00\",\"14:00\",\"15:00\",\"16:00\",\"17:00\",\"18:00\"],\"Servicio\": [\"Reserva\",\"Recojo\"]}', 55, 'vistas/img/productos/postres/postre02.jpg', 12, 395, 0, 0, 0, 0, 0, 0, 0, 'vistas/img/ofertas/postre02.jpg', '0000-00-00 00:00:00', 1, 2, '2020-07-22 18:17:07'),
(11, 4, 4, 'fisico', 'jugo-de-papaya-1', 1, 'Jugo de papaya', 'Lorem ipsum dolor sit amet, consectetur adipisicing elit. Cupiditate minus, consectetur beatae fugit odio iure repudiandae quia distinctio, id ducimus molestiae. Obcaecati, unde. Illo molestiae dolorum, saepe nisi enim iusto.', 'Lorem ipsum dolor sit amet, consectetur adipisicing elit. Cupiditate minus, consectetur beatae fugit odio iure repudiandae quia distinctio, id ducimus molestiae. Obcaecati, unde. Illo molestiae dolorum, saepe nisi enim iusto.', '[{\"foto\":\"vistas/img/multimedia/batidos-malteada/bebida-03.jpg\"}]', '{\"Hora\": [\"12:00\",\"13:00\",\"14:00\",\"15:00\",\"16:00\",\"17:00\",\"18:00\"],\"Servicio\": [\"Reserva\",\"Recojo\"]}', 55, 'vistas/img/productos/bebidas/bebida03.jpg', 0, 397, 0, 0, 0, 0, 0, 0, 0, 'vistas/img/ofertas/bebida03.jpg', '0000-00-00 00:00:00', 1, 2, '2020-07-22 21:04:42'),
(12, 1, 1, 'fisico', 'seco-de-pollo-1', 1, 'Seco de Pollo', 'Lorem ipsum dolor sit amet, consectetur adipisicing elit. Cupiditate minus, consectetur beatae fugit odio iure repudiandae quia distinctio, id ducimus molestiae. Obcaecati, unde. Illo molestiae dolorum, saepe nisi enim iusto.', 'Lorem ipsum dolor sit amet, consectetur adipisicing elit. Cupiditate minus, consectetur beatae fugit odio iure repudiandae quia distinctio, id ducimus molestiae. Obcaecati, unde. Illo molestiae dolorum, saepe nisi enim iusto.', '[{\"foto\":\"vistas/img/multimedia/batidos-malteada/menu03.jpg\"}]', '{\"Hora\": [\"12:00\",\"13:00\",\"14:00\",\"15:00\",\"16:00\",\"17:00\",\"18:00\"],\"Servicio\": [\"Reserva\",\"Recojo\"]}', 29, 'vistas/img/productos/menu/menu03.jpg', 0, 404, 0, 0, 0, 1, 1, 11, 40, 'vistas/img/ofertas/menu03.jpg', '0000-00-00 00:00:00', 1, 2, '2020-07-29 04:16:07');

-- --------------------------------------------------------

--
-- Estructura de tabla para la tabla `slide`
--

CREATE TABLE `slide` (
  `id` int(11) NOT NULL,
  `nombre` text COLLATE utf8_spanish_ci NOT NULL,
  `imgFondo` text COLLATE utf8_spanish_ci NOT NULL,
  `tipoSlide` text COLLATE utf8_spanish_ci NOT NULL,
  `imgProducto` text COLLATE utf8_spanish_ci NOT NULL,
  `estiloImgProducto` text COLLATE utf8_spanish_ci NOT NULL,
  `estiloTextoSlide` text COLLATE utf8_spanish_ci NOT NULL,
  `titulo1` text COLLATE utf8_spanish_ci NOT NULL,
  `titulo2` text COLLATE utf8_spanish_ci NOT NULL,
  `titulo3` text COLLATE utf8_spanish_ci NOT NULL,
  `boton` text COLLATE utf8_spanish_ci NOT NULL,
  `url` text COLLATE utf8_spanish_ci NOT NULL,
  `orden` int(11) NOT NULL,
  `fecha` timestamp NOT NULL DEFAULT current_timestamp() ON UPDATE current_timestamp()
) ENGINE=InnoDB DEFAULT CHARSET=utf8 COLLATE=utf8_spanish_ci;

--
-- Volcado de datos para la tabla `slide`
--

INSERT INTO `slide` (`id`, `nombre`, `imgFondo`, `tipoSlide`, `imgProducto`, `estiloImgProducto`, `estiloTextoSlide`, `titulo1`, `titulo2`, `titulo3`, `boton`, `url`, `orden`, `fecha`) VALUES
(1, 'POLLO', 'vistas/img/slide/default/slideuno.png', 'slideOpcion2', 'vistas/img/slide/slide1/1.jpg', '{\"top\":\"5\",\"right\":\"\",\"left\":\"5\",\"width\":\"30\"}', '{\"top\":\"20\",\"right\":\"10\",\"left\":\"\",\"width\":\"40\"}', '{\"texto\":\"Lorem Ipsum\",\"color\":\"#333\"}', '{\"texto\":\"Lorem ipsum dolor sit\",\"color\":\"#777\"}', '{\"texto\":\"Lorem ipsum dolor sit\",\"color\":\"#888\"}', 'VER PRODUCTO', '#', 1, '2020-07-22 17:18:08'),
(2, 'PIZZA', 'vistas/img/slide/default/slidedos.png', 'slideOpcion2', 'vistas/img/slide/slide2/2.jpg', '{\"top\":\"10\",\"right\":\"\",\"left\":\"15\",\"width\":\"30\"}', '{\"top\":\"15\",\"right\":\"15\",\"left\":\"\",\"width\":\"40\"}', '{\"texto\":\"Lorem Ipsum\",\"color\":\"#333\"}', '{\"texto\":\"Lorem ipsum dolor sit\",\"color\":\"#777\"}', '{\"texto\":\"Lorem ipsum dolor sit\",\"color\":\"#888\"}', 'VER PRODUCTO', '#', 2, '2020-07-22 20:45:40'),
(3, 'JUGO', 'vistas/img/slide/default/slidetres.png', 'slideOpcion2', 'vistas/img/slide/slide3/arrozpollo.png', '{\"top\":\"10\",\"right\":\"\",\"left\":\"10\",\"width\":\"35\"}', '{\"top\":\"15\",\"right\":\"15\",\"left\":\"\",\"width\":\"40\"}', '{\"texto\":\"Lorem Ipsum\",\"color\":\"#eee\"}', '{\"texto\":\"Lorem ipsum dolor sit\",\"color\":\"#ccc\"}', '{\"texto\":\"Lorem ipsum dolor sit\",\"color\":\"#aaa\"}', 'VER PRODUCTO', '#', 3, '2020-07-22 20:45:46');

-- --------------------------------------------------------

--
-- Estructura de tabla para la tabla `subcategorias`
--

CREATE TABLE `subcategorias` (
  `id` int(11) NOT NULL,
  `subcategoria` text COLLATE utf8_spanish_ci NOT NULL,
  `id_categoria` int(11) NOT NULL,
  `ruta` text COLLATE utf8_spanish_ci NOT NULL,
  `estado` int(11) NOT NULL,
  `ofertadoPorCategoria` int(11) NOT NULL,
  `oferta` int(11) NOT NULL,
  `precioOferta` float NOT NULL,
  `descuentoOferta` int(11) NOT NULL,
  `imgOferta` text COLLATE utf8_spanish_ci NOT NULL,
  `finOferta` datetime NOT NULL,
  `fecha` timestamp NOT NULL DEFAULT current_timestamp() ON UPDATE current_timestamp()
) ENGINE=InnoDB DEFAULT CHARSET=utf8 COLLATE=utf8_spanish_ci;

--
-- Volcado de datos para la tabla `subcategorias`
--

INSERT INTO `subcategorias` (`id`, `subcategoria`, `id_categoria`, `ruta`, `estado`, `ofertadoPorCategoria`, `oferta`, `precioOferta`, `descuentoOferta`, `imgOferta`, `finOferta`, `fecha`) VALUES
(1, 'Menu ejecutivo', 1, 'tradicional', 1, 0, 0, 0, 0, '', '0000-00-00 00:00:00', '0000-00-00 00:00:00'),
(2, 'Menu especial', 1, 'pollo', 1, 0, 0, 0, 0, '', '0000-00-00 00:00:00', '0000-00-00 00:00:00'),
(3, 'Platos tipicos', 1, 'res', 1, 0, 0, 0, 0, '', '0000-00-00 00:00:00', '0000-00-00 00:00:00'),
(4, 'Platos de fondo', 1, 'doble', 1, 0, 0, 0, 0, '', '0000-00-00 00:00:00', '0000-00-00 00:00:00'),
(5, 'Platos con trucha', 2, 'hawaiana', 1, 0, 0, 0, 0, '', '0000-00-00 00:00:00', '0000-00-00 00:00:00'),
(6, 'Platos con pescado', 2, 'pepperoni', 1, 0, 0, 0, 0, '', '0000-00-00 00:00:00', '0000-00-00 00:00:00'),
(7, 'Menu marino', 2, 'americana', 1, 0, 0, 0, 0, '', '0000-00-00 00:00:00', '0000-00-00 00:00:00'),
(8, 'Parrillas', 2, 'coca-cola', 1, 0, 0, 0, 0, '', '0000-00-00 00:00:00', '0000-00-00 00:00:00'),
(9, 'Pizza', 3, 'pepsi', 1, 0, 0, 0, 0, '', '0000-00-00 00:00:00', '0000-00-00 00:00:00'),
(10, 'Hamburguesa', 3, 'cielo', 1, 0, 0, 0, 0, '', '0000-00-00 00:00:00', '0000-00-00 00:00:00'),
(11, 'Salchipapa', 3, 'san-luis', 1, 0, 0, 0, 0, '', '0000-00-00 00:00:00', '0000-00-00 00:00:00'),
(12, 'Gaseosas', 4, 'lomo-saltado', 1, 0, 0, 0, 0, '', '0000-00-00 00:00:00', '0000-00-00 00:00:00'),
(13, 'Agua mineral', 4, 'pollo-al-horno', 1, 0, 0, 0, 0, '', '0000-00-00 00:00:00', '0000-00-00 00:00:00'),
(14, 'Yogurt', 4, 'lentejas', 1, 0, 0, 0, 0, '', '0000-00-00 00:00:00', '0000-00-00 00:00:00'),
(15, 'Mazarmorras', 5, 'arroz-con-pollo', 1, 0, 0, 0, 0, '', '0000-00-00 00:00:00', '0000-00-00 00:00:00'),
(16, 'Kekes', 5, 'arroz-con-leche', 1, 0, 0, 0, 0, '', '0000-00-00 00:00:00', '0000-00-00 00:00:00');

-- --------------------------------------------------------

--
-- Estructura de tabla para la tabla `usuarios`
--

CREATE TABLE `usuarios` (
  `id` int(11) NOT NULL,
  `nombre` text COLLATE utf8_spanish_ci NOT NULL,
  `password` text COLLATE utf8_spanish_ci NOT NULL,
  `email` text COLLATE utf8_spanish_ci NOT NULL,
  `modo` text COLLATE utf8_spanish_ci NOT NULL,
  `foto` text COLLATE utf8_spanish_ci NOT NULL,
  `verificacion` int(11) NOT NULL,
  `emailEncriptado` text COLLATE utf8_spanish_ci NOT NULL,
  `fecha` timestamp NOT NULL DEFAULT current_timestamp() ON UPDATE current_timestamp()
) ENGINE=InnoDB DEFAULT CHARSET=utf8 COLLATE=utf8_spanish_ci;

--
-- Volcado de datos para la tabla `usuarios`
--

INSERT INTO `usuarios` (`id`, `nombre`, `password`, `email`, `modo`, `foto`, `verificacion`, `emailEncriptado`, `fecha`) VALUES
(2, 'Angel Ricse', '$2a$07$asxx54ahjppf45sd87a5auxq/SS293XhTEeizKWMnfhnpfay0AALe', 'pepe@gmail.com', 'directo', '', 0, '6b0becddecd5a06042b3f8078c97f2e0', '2020-07-22 20:52:38'),
(13, 'erick', '$2a$07$asxx54ahjppf45sd87a5auGZEtGHuyZwm.Ur.FJvWLCql3nmsMbXy', 'erick@gmail.com', 'directo', 'vistas/img/usuarios/13/721.png', 0, '10ef013c978968b8be23a648801548cb', '2020-07-28 16:05:46'),
(14, 'naye', '$2a$07$asxx54ahjppf45sd87a5auGZEtGHuyZwm.Ur.FJvWLCql3nmsMbXy', 'naye@gmail.com', 'directo', '', 0, 'ffb2308e019e55820406c0c805c8271c', '2020-07-22 20:56:55');

-- --------------------------------------------------------

--
-- Estructura de tabla para la tabla `visitaspaises`
--

CREATE TABLE `visitaspaises` (
  `id` int(11) NOT NULL,
  `pais` text COLLATE utf8_spanish_ci NOT NULL,
  `codigo` text COLLATE utf8_spanish_ci NOT NULL,
  `cantidad` int(11) NOT NULL,
  `fecha` timestamp NOT NULL DEFAULT current_timestamp() ON UPDATE current_timestamp()
) ENGINE=InnoDB DEFAULT CHARSET=utf8 COLLATE=utf8_spanish_ci;

--
-- Volcado de datos para la tabla `visitaspaises`
--

INSERT INTO `visitaspaises` (`id`, `pais`, `codigo`, `cantidad`, `fecha`) VALUES
(1, 'United States', 'US', 2, '2017-12-05 21:02:46'),
(2, 'Japan', 'JP', 67, '2020-07-29 03:20:09'),
(3, 'Spain', 'ES', 10, '2017-12-05 21:02:53'),
(4, 'Colombia', 'CO', 5, '2017-12-05 21:02:55'),
(5, 'China', 'CN', 3, '2017-12-05 21:04:32'),
(6, 'Germany', 'DE', 34, '2017-12-05 21:04:39'),
(7, 'Mexico', 'MX', 8, '2017-12-05 21:04:41');

-- --------------------------------------------------------

--
-- Estructura de tabla para la tabla `visitaspersonas`
--

CREATE TABLE `visitaspersonas` (
  `id` int(11) NOT NULL,
  `ip` text COLLATE utf8_spanish_ci NOT NULL,
  `pais` text COLLATE utf8_spanish_ci NOT NULL,
  `visitas` int(11) NOT NULL,
  `fecha` timestamp NOT NULL DEFAULT current_timestamp() ON UPDATE current_timestamp()
) ENGINE=InnoDB DEFAULT CHARSET=utf8 COLLATE=utf8_spanish_ci;

--
-- Volcado de datos para la tabla `visitaspersonas`
--

INSERT INTO `visitaspersonas` (`id`, `ip`, `pais`, `visitas`, `fecha`) VALUES
(1, '153.202.197.216', 'Japan', 1, '2017-11-08 18:37:07'),
(3, '249.170.168.184', 'Spain', 1, '2017-11-28 19:16:16'),
(5, '249.170.168.184', 'Spain', 1, '2017-11-28 19:16:19'),
(6, '234.13.198.119', 'Colombia', 1, '2017-11-28 19:16:03'),
(7, '141.46.61.241', 'Germany', 1, '2017-11-28 19:13:45'),
(8, '40.179.75.60', 'United States', 1, '2017-11-28 19:14:05'),
(9, '153.205.198.22', 'Japan', 1, '2017-11-01 19:14:18'),
(10, '148.21.177.158', 'United States', 1, '2017-10-28 19:14:34'),
(11, '40.224.125.226', 'United States', 1, '2017-11-28 19:14:56'),
(12, '10.98.135.68', 'China', 1, '2017-11-28 19:15:57'),
(13, '23.121.157.131', 'United States', 1, '2017-11-28 19:15:37'),
(17, '8.12.238.123', 'United States', 1, '2017-11-28 19:28:27'),
(18, '148.21.177.158', 'United States', 1, '2017-11-28 19:33:05'),
(19, '153.202.197.216', 'Japan', 1, '2017-11-28 19:33:50'),
(27, '153.205.198.22', 'Japan', 1, '2017-10-28 20:05:19'),
(31, '153.205.198.22', 'Japan', 1, '2017-11-28 20:09:49'),
(32, '153.205.198.22', 'Japan', 1, '2017-11-29 19:23:07'),
(33, '153.205.198.22', 'Japan', 1, '2017-11-30 23:01:27'),
(34, '153.205.198.22', 'Japan', 1, '2017-12-04 14:55:27'),
(35, '153.205.198.22', 'Japan', 1, '2017-12-05 20:58:04'),
(36, '153.205.198.22', 'Japan', 1, '2017-12-06 21:11:13'),
(37, '153.205.198.22', 'Japan', 1, '2017-12-07 22:32:13'),
(38, '153.205.198.22', 'Japan', 1, '2017-12-11 15:32:10'),
(39, '153.205.198.22', 'Japan', 1, '2017-12-13 15:45:58'),
(40, '153.205.198.22', 'Japan', 1, '2017-12-19 02:37:45'),
(41, '153.205.198.22', 'Japan', 1, '2017-12-19 12:54:21'),
(42, '153.205.198.22', 'Unknown', 1, '2017-12-30 15:41:47'),
(43, '153.205.198.22', 'Japan', 1, '2018-01-02 15:46:52'),
(44, '153.205.198.22', 'Japan', 1, '2018-01-03 13:54:29'),
(45, '153.205.198.22', 'Japan', 1, '2018-01-04 16:54:03'),
(46, '153.205.198.22', 'Japan', 1, '2018-01-05 17:17:05'),
(47, '153.205.198.22', 'Japan', 1, '2018-01-08 13:57:21'),
(48, '153.205.198.22', 'Japan', 1, '2018-01-09 15:46:40'),
(49, '153.205.198.22', 'Japan', 1, '2018-01-10 20:34:12'),
(50, '153.205.198.22', 'Japan', 1, '2018-01-11 14:08:56'),
(51, '153.205.198.22', 'Japan', 1, '2018-01-15 18:10:09'),
(52, '153.205.198.22', 'Japan', 1, '2018-01-16 16:15:33'),
(53, '153.205.198.22', 'Japan', 1, '2018-01-17 21:39:17'),
(54, '153.205.198.22', 'Japan', 1, '2018-01-18 20:16:09'),
(55, '153.205.198.22', 'Japan', 1, '2018-01-19 15:05:32'),
(56, '153.205.198.22', 'Japan', 1, '2018-01-22 14:38:48'),
(57, '153.205.198.22', 'Japan', 1, '2018-01-25 15:44:30'),
(58, '153.205.198.22', 'Japan', 1, '2018-01-26 21:24:38'),
(59, '153.205.198.22', 'Japan', 1, '2018-01-29 20:45:50'),
(60, '153.205.198.22', 'Japan', 1, '2018-01-30 22:32:35'),
(61, '153.205.198.22', 'Japan', 1, '2018-01-31 18:35:33'),
(62, '153.205.198.22', 'Japan', 1, '2018-02-07 17:37:45'),
(63, '153.205.198.22', 'Japan', 1, '2018-02-13 16:52:37'),
(64, '153.205.198.22', 'Japan', 1, '2018-02-14 13:33:04'),
(65, '153.205.198.22', 'Japan', 1, '2018-02-16 13:50:44'),
(66, '153.205.198.22', 'Japan', 1, '2018-02-23 17:06:23'),
(67, '153.205.198.22', 'Japan', 1, '2018-03-02 17:25:19'),
(68, '153.205.198.22', 'Japan', 1, '2018-03-03 12:06:54'),
(69, '153.205.198.22', 'Japan', 1, '2018-03-05 16:27:57'),
(70, '153.205.198.22', 'Japan', 1, '2018-03-06 17:59:36'),
(71, '153.205.198.22', 'Japan', 1, '2018-03-08 14:56:34'),
(72, '153.205.198.22', 'Japan', 1, '2018-03-08 14:56:34'),
(73, '153.205.198.22', 'Japan', 1, '2018-03-12 19:38:37'),
(74, '153.205.198.22', 'Japan', 1, '2018-03-13 20:35:47'),
(75, '153.205.198.22', 'Japan', 1, '2018-03-14 19:41:17'),
(76, '153.205.198.22', 'Japan', 1, '2018-03-15 16:41:11'),
(77, '153.205.198.22', 'Japan', 1, '2018-03-16 19:21:45'),
(78, '153.205.198.22', 'Japan', 1, '2018-03-17 12:23:58'),
(79, '153.205.198.22', 'Japan', 1, '2018-03-19 00:38:47'),
(80, '153.205.198.22', 'Japan', 1, '2018-03-19 12:57:20'),
(81, '153.205.198.22', 'Japan', 1, '2018-03-20 20:33:33'),
(82, '153.205.198.22', 'Japan', 1, '2018-03-21 19:30:58'),
(83, '153.205.198.22', 'Japan', 1, '2018-03-23 19:41:03'),
(84, '153.205.198.22', 'Japan', 1, '2018-03-26 12:42:06'),
(85, '153.205.198.22', 'Japan', 1, '2018-03-27 13:26:30'),
(86, '163.172.160.190', 'France', 1, '2018-03-27 23:23:14'),
(87, '153.205.198.22', 'Japan', 1, '2020-07-22 16:39:02'),
(88, '153.205.198.22', 'Japan', 1, '2020-07-29 03:20:09');

--
-- Índices para tablas volcadas
--

--
-- Indices de la tabla `administradores`
--
ALTER TABLE `administradores`
  ADD PRIMARY KEY (`id`);

--
-- Indices de la tabla `banner`
--
ALTER TABLE `banner`
  ADD PRIMARY KEY (`id`);

--
-- Indices de la tabla `cabeceras`
--
ALTER TABLE `cabeceras`
  ADD PRIMARY KEY (`id`);

--
-- Indices de la tabla `categorias`
--
ALTER TABLE `categorias`
  ADD PRIMARY KEY (`id`);

--
-- Indices de la tabla `comentarios`
--
ALTER TABLE `comentarios`
  ADD PRIMARY KEY (`id`);

--
-- Indices de la tabla `comercio`
--
ALTER TABLE `comercio`
  ADD PRIMARY KEY (`id`);

--
-- Indices de la tabla `compras`
--
ALTER TABLE `compras`
  ADD PRIMARY KEY (`id`);

--
-- Indices de la tabla `deseos`
--
ALTER TABLE `deseos`
  ADD PRIMARY KEY (`id`);

--
-- Indices de la tabla `notificaciones`
--
ALTER TABLE `notificaciones`
  ADD PRIMARY KEY (`id`);

--
-- Indices de la tabla `plantilla`
--
ALTER TABLE `plantilla`
  ADD PRIMARY KEY (`id`);

--
-- Indices de la tabla `productos`
--
ALTER TABLE `productos`
  ADD PRIMARY KEY (`id`);

--
-- Indices de la tabla `slide`
--
ALTER TABLE `slide`
  ADD PRIMARY KEY (`id`);

--
-- Indices de la tabla `subcategorias`
--
ALTER TABLE `subcategorias`
  ADD PRIMARY KEY (`id`);

--
-- Indices de la tabla `usuarios`
--
ALTER TABLE `usuarios`
  ADD PRIMARY KEY (`id`);

--
-- Indices de la tabla `visitaspaises`
--
ALTER TABLE `visitaspaises`
  ADD PRIMARY KEY (`id`);

--
-- Indices de la tabla `visitaspersonas`
--
ALTER TABLE `visitaspersonas`
  ADD PRIMARY KEY (`id`);

--
-- AUTO_INCREMENT de las tablas volcadas
--

--
-- AUTO_INCREMENT de la tabla `administradores`
--
ALTER TABLE `administradores`
  MODIFY `id` int(11) NOT NULL AUTO_INCREMENT, AUTO_INCREMENT=5;

--
-- AUTO_INCREMENT de la tabla `banner`
--
ALTER TABLE `banner`
  MODIFY `id` int(11) NOT NULL AUTO_INCREMENT, AUTO_INCREMENT=5;

--
-- AUTO_INCREMENT de la tabla `cabeceras`
--
ALTER TABLE `cabeceras`
  MODIFY `id` int(11) NOT NULL AUTO_INCREMENT, AUTO_INCREMENT=4;

--
-- AUTO_INCREMENT de la tabla `categorias`
--
ALTER TABLE `categorias`
  MODIFY `id` int(11) NOT NULL AUTO_INCREMENT, AUTO_INCREMENT=7;

--
-- AUTO_INCREMENT de la tabla `comentarios`
--
ALTER TABLE `comentarios`
  MODIFY `id` int(11) NOT NULL AUTO_INCREMENT, AUTO_INCREMENT=15;

--
-- AUTO_INCREMENT de la tabla `comercio`
--
ALTER TABLE `comercio`
  MODIFY `id` int(11) NOT NULL AUTO_INCREMENT, AUTO_INCREMENT=2;

--
-- AUTO_INCREMENT de la tabla `compras`
--
ALTER TABLE `compras`
  MODIFY `id` int(11) NOT NULL AUTO_INCREMENT, AUTO_INCREMENT=30;

--
-- AUTO_INCREMENT de la tabla `deseos`
--
ALTER TABLE `deseos`
  MODIFY `id` int(11) NOT NULL AUTO_INCREMENT, AUTO_INCREMENT=10;

--
-- AUTO_INCREMENT de la tabla `notificaciones`
--
ALTER TABLE `notificaciones`
  MODIFY `id` int(11) NOT NULL AUTO_INCREMENT, AUTO_INCREMENT=2;

--
-- AUTO_INCREMENT de la tabla `plantilla`
--
ALTER TABLE `plantilla`
  MODIFY `id` int(11) NOT NULL AUTO_INCREMENT, AUTO_INCREMENT=2;

--
-- AUTO_INCREMENT de la tabla `productos`
--
ALTER TABLE `productos`
  MODIFY `id` int(11) NOT NULL AUTO_INCREMENT, AUTO_INCREMENT=501;

--
-- AUTO_INCREMENT de la tabla `slide`
--
ALTER TABLE `slide`
  MODIFY `id` int(11) NOT NULL AUTO_INCREMENT, AUTO_INCREMENT=5;

--
-- AUTO_INCREMENT de la tabla `subcategorias`
--
ALTER TABLE `subcategorias`
  MODIFY `id` int(11) NOT NULL AUTO_INCREMENT, AUTO_INCREMENT=22;

--
-- AUTO_INCREMENT de la tabla `usuarios`
--
ALTER TABLE `usuarios`
  MODIFY `id` int(11) NOT NULL AUTO_INCREMENT, AUTO_INCREMENT=15;

--
-- AUTO_INCREMENT de la tabla `visitaspaises`
--
ALTER TABLE `visitaspaises`
  MODIFY `id` int(11) NOT NULL AUTO_INCREMENT, AUTO_INCREMENT=8;

--
-- AUTO_INCREMENT de la tabla `visitaspersonas`
--
ALTER TABLE `visitaspersonas`
  MODIFY `id` int(11) NOT NULL AUTO_INCREMENT, AUTO_INCREMENT=89;
COMMIT;

/*!40101 SET CHARACTER_SET_CLIENT=@OLD_CHARACTER_SET_CLIENT */;
/*!40101 SET CHARACTER_SET_RESULTS=@OLD_CHARACTER_SET_RESULTS */;
/*!40101 SET COLLATION_CONNECTION=@OLD_COLLATION_CONNECTION */;
